<?xml version="1.0" encoding="UTF-8"?>
<metadata xml:lang="en"><Esri><CreaDate>20180129</CreaDate><CreaTime>01442600</CreaTime><ArcGISFormat>1.0</ArcGISFormat><ArcGISstyle>ISO 19139 Metadata Implementation Specification</ArcGISstyle><SyncOnce>TRUE</SyncOnce><DataProperties><lineage><Process ToolSource="c:\program files (x86)\arcgis\desktop10.5\ArcToolbox\Toolboxes\Spatial Analyst Tools.tbx\StreamToFeature" Date="20180129" Time="014426">StreamToFeature streams_order flow_dir "C:\Users\fsanc\Documents\U of Arizona\GIST602a\Data\Workspace\stream_net.shp" SIMPLIFY</Process></lineage></DataProperties></Esri></metadata>
